trait,chromosome,start_SNP,End_SNP,N_SNP_in_Window,Start_position,End_position,Window_ID,variance_explained(%),study_symbol_PigBiobank,Trait_group,variant_pgrpid,variant_rsid,position,beta,se,z,pvalue,qtll,qtlr,bpl,bpr,maf
CW_AB,1,DIAS0004542,H3GA0001440,50,31740851,34609595,1_31,1.11155,D_LMDEP,LMDEP,1_31858891_G_T,rs332637433,31858891,-0.673,0.094,-7.15957,8.12E-13,31752695,31928031,31752695,31928031,0.2459
CW_AB,1,DIAS0004542,H3GA0001440,50,31740851,34609595,1_31,1.11155,Y_TNUM,TNUM,1_32252556_A_G,rs320217833,32252556,-0.051,0.0091,-5.6044,2.25E-08,32250201,32421310,32250201,32421310,0.2507
CW_AB,1,DIAS0004542,H3GA0001440,50,31740851,34609595,1_31,1.11155,D_DAYS,DAYS,1_32486941_T_A,rs1113365159,32486941,4.3798,0.7799,5.61585,1.95E-08,32263329,32486941,32263329,32486941,0.1059
CW_AB,1,DIAS0004542,H3GA0001440,50,31740851,34609595,1_31,1.11155,D_ADG,ADG,1_33006769_G_C,rs703517765,33006769,-22.2656,3.9236,-5.67479,1.39E-08,33006769,33006769,33006769,33006769,0.1375
CW_AB,1,DIAS0004542,H3GA0001440,50,31740851,34609595,1_31,1.11155,L_TNUM,TNUM,1_33211837_T_C,rs339243803,33211837,-0.0234,0.0033,-7.09091,1.97E-12,32711837,33696486,29873884,33696486,0.407
CW_AB,1,DIAS0004542,H3GA0001440,50,31740851,34609595,1_31,1.11155,D_DAYS,DAYS,1_33544706_C_T,rs345678335,33544706,5.418,0.9006,6.01599,1.79E-09,33540664,33548343,33540664,33548343,0.0782
CW_AB,1,DIAS0004542,H3GA0001440,50,31740851,34609595,1_31,1.11155,M_TNUM,TNUM,1_33615970_A_T,rs333778119,33615970,0.0112,0.0017,6.58824,1.68E-11,33115970,33980574,33042633,33980574,0.308
CW_AB,1,DIAS0004542,H3GA0001440,50,31740851,34609595,1_31,1.11155,Y_TNUM,TNUM,1_33625664_C_T,rs787895379,33625664,0.0109,0.0019,5.73684,1.92E-08,33615970,33625664,33615970,33625664,0.3933
CW_AB,1,DIAS0004542,H3GA0001440,50,31740851,34609595,1_31,1.11155,M_WSI,WSI,1_33642199_A_G,rs340649217,33642199,3.5523,0.6446,5.51086,3.58E-08,33642199,33642199,33642199,33642199,0.019
CW_AB,1,DIAS0004542,H3GA0001440,50,31740851,34609595,1_31,1.11155,M_ADG,ADG,1_33837999_A_C,rs336684360,33837999,-2.9054,0.4904,-5.92455,3.13E-09,33833111,33838685,33833111,33838685,0.3379
BF_PL,13,WU_10.2_13_215147277,WU_10.2_13_216932052,50,204890159,207054612,13_204,1.81279,Y_ADG,ADG,13_204970914_G_T,rs324238438,204970914,10.691,1.9162,5.57927,2.42E-08,204970914,204970914,204970914,204970914,0.0533
MD_PL,13,WU_10.2_13_215147277,WU_10.2_13_216932052,50,204890159,207054612,13_204,1.07248,Y_ADG,ADG,13_204970914_G_T,rs324238438,204970914,10.691,1.9162,5.57927,2.42E-08,204970914,204970914,204970914,204970914,0.0533
MP_PL,13,WU_10.2_13_215147277,WU_10.2_13_216932052,50,204890159,207054612,13_204,1.86829,Y_ADG,ADG,13_204970914_G_T,rs324238438,204970914,10.691,1.9162,5.57927,2.42E-08,204970914,204970914,204970914,204970914,0.0533
BF_AB,13,WU_10.2_13_215147277,WU_10.2_13_216932052,50,204890159,207054612,13_204,1.79549,Y_ADG,ADG,13_204970914_G_T,rs324238438,204970914,10.691,1.9162,5.57927,2.42E-08,204970914,204970914,204970914,204970914,0.0533
MP_AB,13,WU_10.2_13_215147277,WU_10.2_13_216932052,50,204890159,207054612,13_204,1.88615,Y_ADG,ADG,13_204970914_G_T,rs324238438,204970914,10.691,1.9162,5.57927,2.42E-08,204970914,204970914,204970914,204970914,0.0533
CF_AB,13,WU_10.2_13_215147277,WU_10.2_13_216932052,50,204890159,207054612,13_204,1.32928,Y_ADG,ADG,13_204970914_G_T,rs324238438,204970914,10.691,1.9162,5.57927,2.42E-08,204970914,204970914,204970914,204970914,0.0533
BF_PL,13,WU_10.2_13_215147277,WU_10.2_13_216932052,50,204890159,207054612,13_204,1.81279,M_LMA,LMA,13_206074130_T_C,rs344080704,206074130,0.5274,0.0913,5.77656,7.74E-09,206074130,206080061,206074130,206080061,0.1268
MD_PL,13,WU_10.2_13_215147277,WU_10.2_13_216932052,50,204890159,207054612,13_204,1.07248,M_LMA,LMA,13_206074130_T_C,rs344080704,206074130,0.5274,0.0913,5.77656,7.74E-09,206074130,206080061,206074130,206080061,0.1268
MP_PL,13,WU_10.2_13_215147277,WU_10.2_13_216932052,50,204890159,207054612,13_204,1.86829,M_LMA,LMA,13_206074130_T_C,rs344080704,206074130,0.5274,0.0913,5.77656,7.74E-09,206074130,206080061,206074130,206080061,0.1268
BF_AB,13,WU_10.2_13_215147277,WU_10.2_13_216932052,50,204890159,207054612,13_204,1.79549,M_LMA,LMA,13_206074130_T_C,rs344080704,206074130,0.5274,0.0913,5.77656,7.74E-09,206074130,206080061,206074130,206080061,0.1268
MP_AB,13,WU_10.2_13_215147277,WU_10.2_13_216932052,50,204890159,207054612,13_204,1.88615,M_LMA,LMA,13_206074130_T_C,rs344080704,206074130,0.5274,0.0913,5.77656,7.74E-09,206074130,206080061,206074130,206080061,0.1268
CF_AB,13,WU_10.2_13_215147277,WU_10.2_13_216932052,50,204890159,207054612,13_204,1.32928,M_LMA,LMA,13_206074130_T_C,rs344080704,206074130,0.5274,0.0913,5.77656,7.74E-09,206074130,206080061,206074130,206080061,0.1268
BF_PL,14,H3GA0039987,ASGA0063188,50,42654224,45211762,14_42,1.02871,D_TNUM,TNUM,14_42820707_T_C,rs342660749,42820707,-0.0422,0.0074,-5.7027,1.09E-08,42820707,42820707,42820707,42820707,0.3593
MP_PL,14,H3GA0039987,ASGA0063188,50,42654224,45211762,14_42,1.07991,D_TNUM,TNUM,14_42820707_T_C,rs342660749,42820707,-0.0422,0.0074,-5.7027,1.09E-08,42820707,42820707,42820707,42820707,0.3593
BF_PL,14,H3GA0039987,ASGA0063188,50,42654224,45211762,14_42,1.02871,D_ADG,ADG,14_42911635_A_G,rs340482765,42911635,16.6342,3.0171,5.51331,3.52E-08,42911635,42911635,42911635,42911635,0.0266
MP_PL,14,H3GA0039987,ASGA0063188,50,42654224,45211762,14_42,1.07991,D_ADG,ADG,14_42911635_A_G,rs340482765,42911635,16.6342,3.0171,5.51331,3.52E-08,42911635,42911635,42911635,42911635,0.0266
BF_PL,14,H3GA0039987,ASGA0063188,50,42654224,45211762,14_42,1.02871,M_BFT,BFT,14_43531179_T_A,rs342425848,43531179,-0.0911,0.0162,-5.62346,1.97E-08,43506388,43557221,43506388,43557221,0.3548
MP_PL,14,H3GA0039987,ASGA0063188,50,42654224,45211762,14_42,1.07991,M_BFT,BFT,14_43531179_T_A,rs342425848,43531179,-0.0911,0.0162,-5.62346,1.97E-08,43506388,43557221,43506388,43557221,0.3548
BF_PL,14,H3GA0039987,ASGA0063188,50,42654224,45211762,14_42,1.02871,M_UC,UC,14_43972709_G_A,rs327124337,43972709,-0.3199,0.0551,-5.80581,6.30E-09,43941336,44116266,43941336,44116266,0.4766
MP_PL,14,H3GA0039987,ASGA0063188,50,42654224,45211762,14_42,1.07991,M_UC,UC,14_43972709_G_A,rs327124337,43972709,-0.3199,0.0551,-5.80581,6.30E-09,43941336,44116266,43941336,44116266,0.4766
BF_PL,14,H3GA0039987,ASGA0063188,50,42654224,45211762,14_42,1.02871,M_TLWT_BA,TLWT_BA,14_44007711_G_A,rs331843184,44007711,-0.1507,0.0236,-6.38559,1.85E-10,43864031,44243149,43864031,46255935,0.466
MP_PL,14,H3GA0039987,ASGA0063188,50,42654224,45211762,14_42,1.07991,M_TLWT_BA,TLWT_BA,14_44007711_G_A,rs331843184,44007711,-0.1507,0.0236,-6.38559,1.85E-10,43864031,44243149,43864031,46255935,0.466
BF_PL,14,H3GA0039987,ASGA0063188,50,42654224,45211762,14_42,1.02871,Y_TLWT_BA,TLWT_BA,14_44871152_A_G,rs336425797,44871152,-0.2559,0.0404,-6.33416,2.31E-10,44371152,44952929,43858191,47420489,0.187
MP_PL,14,H3GA0039987,ASGA0063188,50,42654224,45211762,14_42,1.07991,Y_TLWT_BA,TLWT_BA,14_44871152_A_G,rs336425797,44871152,-0.2559,0.0404,-6.33416,2.31E-10,44371152,44952929,43858191,47420489,0.187
MD_PL,14,ASGA0063533,H3GA0040441,50,55471082,58008984,14_55,1.1829,M_TNUM,TNUM,14_55978340_A_G,rs792831620,55978340,0.0473,0.0065,7.27692,4.98E-13,55978340,55978340,55978340,58389008,0.2179
MD_PL,14,ASGA0063533,H3GA0040441,50,55471082,58008984,14_55,1.1829,M_TLWT_BA,TLWT_BA,14_56743340_A_G,rs331352607,56743340,-0.1787,0.0267,-6.69288,2.18E-11,56743340,56743340,56743340,57664675,0.4396
MD_PL,14,ASGA0063533,H3GA0040441,50,55471082,58008984,14_55,1.1829,L_TNUM,TNUM,14_56974056_C_A,rs336202844,56974056,0.0213,0.0038,5.60526,2.62E-08,56974056,57211384,56974056,57211384,0.2531
MD_PL,14,ASGA0063533,H3GA0040441,50,55471082,58008984,14_55,1.1829,Y_TLWT_BA,TLWT_BA,14_57128205_T_C,rs341681541,57128205,-0.1963,0.0351,-5.59259,2.35E-08,57128205,57128205,57128205,57128205,0.2805
MD_PL,14,ASGA0063533,H3GA0040441,50,55471082,58008984,14_55,1.1829,D_TNUM,TNUM,14_57296022_G_A,rs318578607,57296022,-0.0295,0.0049,-6.02041,1.34E-09,56825123,57296022,56825123,57296022,0.1984
MD_PL,14,ASGA0063533,H3GA0040441,50,55471082,58008984,14_55,1.1829,Y_TNUM,TNUM,14_57778477_A_C,rs319119030,57778477,0.042,0.0067,6.26866,4.57E-10,57600118,57778477,57600118,58389008,0.2133
CW_AB,16,MARC0025628,ASGA0073707,50,57565582,60236416,16_57,1.17456,L_TNUM,TNUM,16_59546461_T_C,rs328946882,59546461,-0.02,0.0033,-6.06061,2.07E-09,59440066,59889892,58407164,59889892,0.3927
CW_AB,16,MARC0025628,ASGA0073707,50,57565582,60236416,16_57,1.17456,M_ADG,ADG,16_59692445_A_G,rs332633259,59692445,2.5285,0.4424,5.71542,1.09E-08,59408019,59994348,59408019,59994348,0.3401
CF_AB,16,ASGA0073875,ALGA0091362,50,64648193,66439144,16_64,1.08172,M_BFT,BFT,16_64963695_G_A,rs336974125,64963695,-1.5624,0.2711,-5.76319,8.29E-09,64963695,64963695,64963695,64963695,0.1389
CF_AB,16,ASGA0073875,ALGA0091362,50,64648193,66439144,16_64,1.08172,M_TLWT_BA,TLWT_BA,16_65864065_T_C,rs332930802,65864065,0.2892,0.053,5.4566,4.96E-08,65864065,65864065,65864065,65864065,0.1452
CF_AB,16,ASGA0073875,ALGA0091362,50,64648193,66439144,16_64,1.08172,M_TNUM,TNUM,16_66023397_C_A,rs336769163,66023397,-0.0164,0.003,-5.46667,3.03E-08,66023397,66023397,66023397,66023397,0.3785
CF_AB,16,ASGA0073875,ALGA0091362,50,64648193,66439144,16_64,1.08172,M_LMDEP,LMDEP,16_66023798_A_G,,66023798,-0.4378,0.0732,-5.98087,2.19E-09,66023798,66368266,66023798,67167002,0.2095
CF_AB,16,ASGA0073875,ALGA0091362,50,64648193,66439144,16_64,1.08172,Y_ADG,ADG,16_66068321_A_G,rs328650234,66068321,17.9931,3.196,5.62988,1.80E-08,66068321,66068321,66068321,66068321,0.0185
CF_AB,16,ASGA0073875,ALGA0091362,50,64648193,66439144,16_64,1.08172,Y_BFT,BFT,16_66216657_C_T,rs344519927,66216657,0.1558,0.027,5.77037,7.86E-09,66216657,66225355,66216657,66225355,0.3815
CF_AB,16,ASGA0073875,ALGA0091362,50,64648193,66439144,16_64,1.08172,M_BFT,BFT,16_66225694_A_G,rs336320449,66225694,-2.2453,0.3628,-6.18881,6.06E-10,66140114,66225694,66140114,66225694,0.0716
CW_AB,16,MARC0041144,WU_10.2_16_83002476,50,74907982,76704560,16_74,1.49726,M_LEANCUTP,LEANCUTP,16_75525874_G_A,rs335856999,75525874,0.2985,0.0453,6.5894,4.47E-11,75521078,75529660,75521078,75529660,0.499
CW_AB,16,MARC0041144,WU_10.2_16_83002476,50,74907982,76704560,16_74,1.49726,M_LMA,LMA,16_75525874_G_A,rs335856999,75525874,0.6071,0.0827,7.34099,2.11E-13,75469580,75630336,74380984,75630336,0.4983
CW_AB,16,MARC0041144,WU_10.2_16_83002476,50,74907982,76704560,16_74,1.49726,M_LMDEP,LMDEP,16_75758067_G_A,rs696848182,75758067,0.3316,0.0555,5.97477,2.29E-09,75758033,75758211,75758033,75758211,0.4649
CW_AB,16,MARC0041144,WU_10.2_16_83002476,50,74907982,76704560,16_74,1.49726,M_TNUM,TNUM,16_75777117_C_T,rs342127551,75777117,0.013,0.002,6.5,1.11E-10,75777110,75777123,75777110,76389346,0.4216
CW_AB,16,MARC0041144,WU_10.2_16_83002476,50,74907982,76704560,16_74,1.49726,Y_TNUM,TNUM,16_75777117_C_T,rs342127551,75777117,0.0125,0.0021,5.95238,1.58E-09,75593681,75777123,75593681,76869998,0.3901
CW_AB,16,MARC0041144,WU_10.2_16_83002476,50,74907982,76704560,16_74,1.49726,L_TNUM,TNUM,16_75934121_T_C,,75934121,0.0438,0.0059,7.42373,9.85E-14,75473288,76434121,74486179,76437740,0.0805
MD_PL,2,WU_10.2_2_135991615,WU_10.2_2_137721029,50,130636384,132341478,2_130,1.0741,L_LMDEP,LMDEP,2_131701701_C_G,rs342128400,131701701,-1.7371,0.2746,-6.32593,2.51E-10,131701701,132029022,131701701,132029022,0.0684
MD_PL,2,WU_10.2_2_135991615,WU_10.2_2_137721029,50,130636384,132341478,2_130,1.0741,L_ADG,ADG,2_131743518_G_A,rs343591734,131743518,-4.6493,0.8312,-5.59348,2.23E-08,131681630,131743531,131681630,131743531,0.4114
MD_PL,2,WU_10.2_2_135991615,WU_10.2_2_137721029,50,130636384,132341478,2_130,1.0741,S_MUMM_DRP,MUMM_DRP,2_131846407_G_A,,131846407,-0.8483,0.1084,-7.82565,4.92E-15,131846407,131846407,131846407,131846407,0.0149
